{
  "total_images": 5,
  "total_detections": 255,
  "avg_detections_per_image": 51.0,
  "avg_time_per_image_s": 2.113230991363525,
  "total_time_s": 10.566154956817627,
  "min_time_s": 2.0274596214294434,
  "max_time_s": 2.281111001968384,
  "images_per_second": 0.47320903587296315,
  "defect_type_totals": {
    "PbI2_excess": 231,
    "large_pinhole": 7,
    "small_pinhole": 17
  }
}