{
  "filter_version": "1.0.0",
  "total_images": 10,
  "total_detections": 3867,
  "avg_detections_per_image": 386.7,
  "avg_time_per_image_s": 1.3918976068496705,
  "total_time_s": 13.918976068496704,
  "min_time_s": 1.0639770030975342,
  "max_time_s": 2.08001446723938,
  "images_per_second": 0.7184436520897067,
  "mode_usage": {
    "pbi2": 10
  },
  "defect_type_totals": {
    "pbi2_bright": 3439,
    "pbi2_needle": 428
  }
}